{"ip":"::1","user":"no user info","time":"2021-07-07T22:19:37.640Z","method":"GET"}
{"ip":"::1","user":"no user info","time":"2021-07-07T22:19:37.704Z","method":"GET"}
{"ip":"::1","user":"no user info","time":"2021-07-07T22:24:40.131Z","method":"POST"}
{"ip":"::1","user":"no user info","time":"2021-07-07T22:28:53.026Z","method":"POST"}
{"ip":"::1","user":"no user info","time":"2021-07-07T22:31:12.278Z","method":"POST"}
{"ip":"::1","user":"no user info","time":"2021-07-07T22:31:22.137Z","method":"POST"}
{"ip":"::1","user":"no user info","time":"2021-07-07T22:32:31.161Z","method":"POST"}
{"ip":"::1","user":"no user info","time":"2021-07-07T22:32:44.214Z","method":"POST"}
{"ip":"::1","user":"no user info","time":"2021-07-07T22:35:07.574Z","method":"POST"}
{"ip":"::1","user":"no user info","time":"2021-07-07T22:35:08.609Z","method":"POST"}
{"ip":"::1","user":"jimborimbo","time":"2021-07-07T22:41:04.641Z","method":"POST"}
{"ip":"::1","user":"jimborimbo","time":"2021-07-07T22:41:26.931Z","method":"POST"}
{"ip":"::1","user":"jimborimbo","time":"2021-07-07T22:44:12.186Z","method":"POST"}
{"ip":"::1","user":"jimborimbo","time":"2021-07-07T22:46:43.844Z","method":"POST"}
{"ip":"::1","user":"jimborimbo","time":"2021-07-07T22:51:51.469Z","method":"POST"}
{"ip":"::1","user":"jimborimbo","time":"2021-07-07T22:54:52.424Z","method":"POST"}
{"ip":"::1","user":"jimborimbo","time":"2021-07-07T22:58:02.467Z","method":"POST"}
{"ip":"::1","user":"jimborimbo","time":"2021-07-07T23:00:51.994Z","method":"POST"}
{"ip":"::1","user":"jimborimbo","time":"2021-07-07T23:01:17.147Z","method":"POST"}
{"ip":"::1","user":"jimborimbo","time":"2021-07-07T23:01:46.556Z","method":"POST"}
{"ip":"::1","user":"jimborimbo","time":"2021-07-07T23:05:33.055Z","method":"POST"}
{"ip":"::1","user":"jimborimbo","time":"2021-07-07T23:06:40.882Z","method":"POST"}
{"ip":"::1","user":"jimborimbo","time":"2021-07-07T23:08:19.339Z","method":"POST"}
{"ip":"::1","user":"jimborimbo","time":"2021-07-07T23:09:05.387Z","method":"POST"}
{"ip":"::1","user":"jimborimbo","time":"2021-07-07T23:09:47.415Z","method":"POST"}
{"ip":"::1","user":"jimborimbo","time":"2021-07-07T23:12:56.780Z","method":"POST"}
{"ip":"::1","user":"jimborimbo","time":"2021-07-07T23:14:58.427Z","method":"POST"}
